{
  "actionButtons": {
    "defaultColor": "white",
    "commands": [
      {
        "cwd": "/home/coder/project",
        "name": "Run Activity",
        "color": "white",
        "singleInstance": true,
        "command": "python3 sleeping_barber.py > results.txt"
      },
      {
        "cwd": "/home/coder/.local/share/code-server/User/coursera/",
        "name": "Submit Assignment",
        "color": "white",
        "singleInstance": true,
        "command": "python3 submit.py sleeping-barber-lab-activity"
      }
    ]
  }
}