{
  "actionButtons": {
    "defaultColor": "white",
    "commands": [
      {
        "cwd": "/home/coder/.local/share/code-server/User/coursera/",
        "name": "Submit Driver API Assignment",
        "color": "white",
        "singleInstance": true,
        "command": "python3 submit.py driver-api"
      },
      {
        "cwd": "/home/coder/.local/share/code-server/User/coursera/",
        "name": "Submit Runtime API Assignment",
        "color": "white",
        "singleInstance": true,
        "command": "python3 submit.py runtime-api"
      }
    ]
  }
}