{
  "actionButtons": {
    "defaultColor": "white",
    "commands": [
      {
        "cwd": "/home/coder/project/",
        "name": "Build Code",
        "color": "white",
        "singleInstance": true,
        "command": "make clean build"
      },
      {
        "cwd": "/home/coder/project/",
        "name": "Run and Log Attempt",
        "color": "white",
        "singleInstance": true,
        "command": "./convertRGBToGrey.exe -i sloth.png -o sloth-gray.png > output.txt"
      },
      {
        "cwd": "/home/coder/.local/share/code-server/User/coursera/",
        "name": "Submit Assignment",
        "color": "white",
        "singleInstance": true,
        "command": "python3 submit.py convertRGBtoGrey"
      }
    ]
  }
}