{
  "actionButtons": {
    "defaultColor": "white",
    "commands": [
      {
        "cwd": "/home/coder/project/",
        "name": "Clean old builds and output files",
        "color": "white",
        "singleInstance": true,
        "command": "make clean"
      },
      {
        "cwd": "/home/coder/project/",
        "name": "Build Assignment Code",
        "color": "white",
        "singleInstance": true,
        "command": "make build"
      },
      {
        "cwd": "/home/coder/project/",
        "name": "Run tests",
        "color": "white",
        "singleInstance": true,
        "command": "./run.sh > output.txt"
      },
      {
        "cwd": "/home/coder/.local/share/code-server/User/coursera/",
        "name": "Submit Assignment",
        "color": "white",
        "singleInstance": true,
        "command": "python3 submit.py cublas"
      }
    ]
  }
}