{
  "actionButtons": {
    "defaultColor": "white",
    "commands": [
      {
        "cwd": "/home/coder/project",
        "name": "Execute Assignment Runs (Part 1)",
        "color": "white",
        "singleInstance": true,
        "command": "make clean build && sh run.sh 1 $(cat .user) 1 uSrKD && sh run.sh 1 $(cat .user) 3 T9bcV && sh run.sh 1 $(cat .user) 20 OISFH"
      },
      {
        "cwd": "/home/coder/.local/share/code-server/User/coursera/",
        "name": "Submit (Part 2)",
        "color": "white",
        "singleInstance": true,
        "command": "python3 submit.py cpp-ticket-1-thread,cpp-ticket-3-threads,cpp-ticket-20-threads"
      }
    ]
  }
}