{
  "actionButtons": {
    "defaultColor": "white",
    "commands": [
      {
        "cwd": "/home/coder/project/",
        "name": "Build All Sorting Algorithms",
        "color": "white",
        "singleInstance": true,
        "command": "pushd bubblesort && make clean build && popd && pushd quicksort && make clean build && popd && pushd radixsort/app_radix_sort && make clean build"
      },
      {
        "cwd": "/home/coder/project/",
        "name": "Run All Sorting Algorithms",
        "color": "white",
        "singleInstance": true,
        "command": "pushd bubblesort && make run && popd && pushd quicksort && make run && popd && pushd radixsort/app_radix_sort && make run"
      }
    ]
  }
}