{
  "actionButtons": {
    "defaultColor": "white",
    "commands": [
      {
        "cwd": "/home/coder/project/",
        "name": "Build",
        "color": "white",
        "singleInstance": true,
        "command": "make clean build"
      },
      {
        "cwd": "/home/coder/project/",
        "name": "Run Input A",
        "color": "white",
        "singleInstance": true,
        "command": "make run_producer_consumer_a"
      },
      {
        "cwd": "/home/coder/project/",
        "name": "Run Input B",
        "color": "white",
        "singleInstance": true,
        "command": "make run_producer_consumer_b"
      },
      {
        "cwd": "/home/coder/project/",
        "name": "Run Multiple CPU CUDA",
        "color": "white",
        "singleInstance": true,
        "command": "make run_multicpu_cuda"
      },
      {
        "cwd": "/home/coder/project/",
        "name": "Create Submission File",
        "color": "white",
        "singleInstance": true,
        "command": "cat input_a.csv > results.csv && echo '' >> results.csv && cat input_b.csv >> results.csv && echo '' >> results.csv && cat output_a.csv >> results.csv && echo '' >> results.csv && cat output_b.csv >> results.csv"
      },
      {
        "cwd": "/home/coder/.local/share/code-server/User/coursera/",
        "name": "Submit Assignment",
        "color": "white",
        "singleInstance": true,
        "command": "python3 submit.py multiple-cpu"
      }
    ]
  }
}