{
  "actionButtons": {
    "defaultColor": "white",
    "commands": [
      {
        "cwd": "/home/coder/project/",
        "name": "Clean old builds and output files",
        "color": "white",
        "singleInstance": true,
        "command": "make clean"
      },
      {
        "cwd": "/home/coder/project/",
        "name": "Build Parts 1 and 2",
        "color": "white",
        "singleInstance": true,
        "command": "make build-memory-allocation"
      },
      {
        "cwd": "/home/coder/project/",
        "name": "Build Parts 3 and 4",
        "color": "white",
        "singleInstance": true,
        "command": "make build-memory-copy"
      },
      {
        "cwd": "/home/coder/project/",
        "name": "Build Parts 5",
        "color": "white",
        "singleInstance": true,
        "command": "make build-broken-mapped-memory-allocation"
      },
      {
        "cwd": "/home/coder/project/",
        "name": "Build Parts 6",
        "color": "white",
        "singleInstance": true,
        "command": "make build-broken-paged-pinned-memory-allocation"
      },
      {
        "cwd": "/home/coder/project/",
        "name": "Run tests",
        "color": "white",
        "singleInstance": true,
        "command": "./run.sh"
      },
      {
        "cwd": "/home/coder/.local/share/code-server/User/coursera/",
        "name": "Submit Assignment",
        "color": "white",
        "singleInstance": true,
        "command": "python3 submit.py part1,part2,part3,part4,part5,part6"
      }
    ]
  }
}