{
  "actionButtons": {
    "defaultColor": "white",
    "commands": [
      {
        "cwd": "/home/coder/project/",
        "name": "Build",
        "color": "white",
        "singleInstance": true,
        "command": "make clean build"
      },
      {
        "cwd": "/home/coder/project/",
        "name": "Run Input A",
        "color": "white",
        "singleInstance": true,
        "command": "make run_producer_consumer_a"
      },
      {
        "cwd": "/home/coder/project/",
        "name": "Run Input B",
        "color": "white",
        "singleInstance": true,
        "command": "make run_producer_consumer_b"
      },
      {
        "cwd": "/home/coder/project/",
        "name": "Run Multiple CPU CUDA",
        "color": "white",
        "singleInstance": true,
        "command": "make run_multicpu_cuda"
      }
    ]
  }
}