{
  "actionButtons": {
    "defaultColor": "white",
    "commands": [
      {
        "cwd": "/home/coder/project/dining_philosophers/",
        "name": "Run Activity",
        "color": "white",
        "singleInstance": true,
        "command": "python3 dining_philosophers.py > results.txt"
      },
      {
        "cwd": "/home/coder/.local/share/code-server/User/coursera/",
        "name": "Submit Assignment",
        "color": "white",
        "singleInstance": true,
        "command": "python3 submit.py execute-dining-philosophers-code"
      }
    ]
  }
}