{
  "actionButtons": {
    "defaultColor": "white",
    "commands": [
      {
        "cwd": "/home/coder/project/",
        "name": "Build Code",
        "color": "white",
        "singleInstance": true,
        "command": "make clean build"
      },
      {
        "cwd": "/home/coder/project/",
        "name": "Run and Log Attempt Data",
        "color": "white",
        "singleInstance": true,
        "command": "./run.sh > output.txt"
      },
      {
        "cwd": "/home/coder/project/",
        "name": "Generate graph",
        "color": "white",
        "singleInstance": true,
        "command": "gnuplot memory-analysis.plot"
      },
      {
        "cwd": "/home/coder/.local/share/code-server/User/coursera/",
        "name": "Submit Assignment",
        "color": "white",
        "singleInstance": true,
        "command": "python3 submit.py device-memory-analysis"
      }
    ]
  }
}