{
  "actionButtons": {
    "defaultColor": "white",
    "commands": [
      {
        "cwd": "/home/coder/project/",
        "name": "Build",
        "color": "white",
        "singleInstance": true,
        "command": "make clean build"
      },
      {
        "cwd": "/home/coder/project/",
        "name": "Run",
        "color": "white",
        "singleInstance": true,
        "command": "make run > output.txt"
      },
      {
        "cwd": "/home/coder/.local/share/code-server/User/coursera/",
        "name": "Submit Assignment",
        "color": "white",
        "singleInstance": true,
        "command": "python3 submit.py cuda-streams-events"
      }
    ]
  }
}